name,task,n_neurons,accuracy,final_loss,train_time_sec,learnable_params,fixed_params,epochs,lr,seed,organism,type
ciona,MNIST,177,0.9718,0.0111949190109926,162.78,140902,31329,20,0.001,42,ciona,biological
ciona_erdos_renyi,MNIST,177,0.9772,0.016331073312643125,356.44,140902,31329,20,0.001,42,ciona,erdos_renyi
ciona_barabasi_albert,MNIST,177,0.976,0.014324764328876456,304.01,140902,31329,20,0.001,42,ciona,barabasi_albert
ciona_watts_strogatz,MNIST,177,0.9784,0.014202951585578518,272.11,140902,31329,20,0.001,42,ciona,watts_strogatz
ciona_degree_preserved,MNIST,177,0.9775,0.00800165237092139,262.39,140902,31329,20,0.001,42,ciona,degree_preserved
ciona,MNIST,177,0.9744,0.013303472333389627,259.25,140902,31329,20,0.001,43,ciona,biological
ciona_erdos_renyi,MNIST,177,0.976,0.01837251872448973,226.26,140902,31329,20,0.001,43,ciona,erdos_renyi
ciona_barabasi_albert,MNIST,177,0.9755,0.013034365420848236,223.74,140902,31329,20,0.001,43,ciona,barabasi_albert
ciona_watts_strogatz,MNIST,177,0.9754,0.010559169049829778,196.68,140902,31329,20,0.001,43,ciona,watts_strogatz
ciona_degree_preserved,MNIST,177,0.9768,0.005151864871707137,198.55,140902,31329,20,0.001,43,ciona,degree_preserved
ciona,MNIST,177,0.9787,0.007791438311107455,218.72,140902,31329,20,0.001,44,ciona,biological
ciona_erdos_renyi,MNIST,177,0.9757,0.017804229527240003,229.78,140902,31329,20,0.001,44,ciona,erdos_renyi
ciona_barabasi_albert,MNIST,177,0.9765,0.012111213170444352,236.99,140902,31329,20,0.001,44,ciona,barabasi_albert
ciona_watts_strogatz,MNIST,177,0.9771,0.011696998796055973,340.48,140902,31329,20,0.001,44,ciona,watts_strogatz
ciona_degree_preserved,MNIST,177,0.9776,0.009422445112732854,585.37,140902,31329,20,0.001,44,ciona,degree_preserved
celegans_herm,MNIST,419,0.9802,0.005365478184840171,301.48,333534,175561,20,0.001,42,celegans_herm,biological
celegans_herm_erdos_renyi,MNIST,419,0.979,0.014100238353101474,1007.41,333534,175561,20,0.001,42,celegans_herm,erdos_renyi
celegans_herm_barabasi_albert,MNIST,419,0.9791,0.012377741987160943,330.3,333534,175561,20,0.001,42,celegans_herm,barabasi_albert
celegans_herm_watts_strogatz,MNIST,419,0.9829,0.011173016148797406,300.91,333534,175561,20,0.001,42,celegans_herm,watts_strogatz
celegans_herm_degree_preserved,MNIST,419,0.9812,0.005036722950097213,545.04,333534,175561,20,0.001,42,celegans_herm,degree_preserved
celegans_herm,MNIST,419,0.9786,0.004323150193883922,219.35,333534,175561,20,0.001,43,celegans_herm,biological
celegans_herm_erdos_renyi,MNIST,419,0.9796,0.012681543187703441,425.75,333534,175561,20,0.001,43,celegans_herm,erdos_renyi
celegans_herm_barabasi_albert,MNIST,419,0.9778,0.006096314669183461,274.63,333534,175561,20,0.001,43,celegans_herm,barabasi_albert
celegans_herm_watts_strogatz,MNIST,419,0.9764,0.0126648630449286,261.78,333534,175561,20,0.001,43,celegans_herm,watts_strogatz
celegans_herm_degree_preserved,MNIST,419,0.9795,0.00427762927405704,268.76,333534,175561,20,0.001,43,celegans_herm,degree_preserved
celegans_herm,MNIST,419,0.9767,0.008384705373227025,284.86,333534,175561,20,0.001,44,celegans_herm,biological
celegans_herm_erdos_renyi,MNIST,419,0.9775,0.00995229305026015,274.7,333534,175561,20,0.001,44,celegans_herm,erdos_renyi
celegans_herm_barabasi_albert,MNIST,419,0.9783,0.005941524412037809,281.32,333534,175561,20,0.001,44,celegans_herm,barabasi_albert
celegans_herm_watts_strogatz,MNIST,419,0.9802,0.008078728938059528,272.81,333534,175561,20,0.001,44,celegans_herm,watts_strogatz
celegans_herm_degree_preserved,MNIST,419,0.9757,0.006431320434195925,266.41,333534,175561,20,0.001,44,celegans_herm,degree_preserved
celegans_male,MNIST,559,0.9793,0.006258223087310658,270.73,444974,312481,20,0.001,42,celegans_male,biological
celegans_male_erdos_renyi,MNIST,559,0.9808,0.00925704016125039,276.44,444974,312481,20,0.001,42,celegans_male,erdos_renyi
celegans_male_barabasi_albert,MNIST,559,0.9808,0.007073764412578613,273.66,444974,312481,20,0.001,42,celegans_male,barabasi_albert
celegans_male_watts_strogatz,MNIST,559,0.9818,0.0029787347796866254,270.1,444974,312481,20,0.001,42,celegans_male,watts_strogatz
celegans_male_degree_preserved,MNIST,559,0.9786,0.009442383503684822,277.21,444974,312481,20,0.001,42,celegans_male,degree_preserved
celegans_male,MNIST,559,0.9833,0.00545467742961888,273.14,444974,312481,20,0.001,43,celegans_male,biological
celegans_male_erdos_renyi,MNIST,559,0.9753,0.013110417503131277,261.71,444974,312481,20,0.001,43,celegans_male,erdos_renyi
celegans_male_barabasi_albert,MNIST,559,0.9771,0.008641932031030801,240.96,444974,312481,20,0.001,43,celegans_male,barabasi_albert
celegans_male_watts_strogatz,MNIST,559,0.9825,0.01100067937414215,267.6,444974,312481,20,0.001,43,celegans_male,watts_strogatz
celegans_male_degree_preserved,MNIST,559,0.981,0.005999303771617777,257.37,444974,312481,20,0.001,43,celegans_male,degree_preserved
celegans_male,MNIST,559,0.9792,0.0032485688246959355,254.25,444974,312481,20,0.001,44,celegans_male,biological
celegans_male_erdos_renyi,MNIST,559,0.9793,0.010468398894379028,270.28,444974,312481,20,0.001,44,celegans_male,erdos_renyi
celegans_male_barabasi_albert,MNIST,559,0.9804,0.005769652280016403,264.1,444974,312481,20,0.001,44,celegans_male,barabasi_albert
celegans_male_watts_strogatz,MNIST,559,0.9808,0.010994922223966693,257.59,444974,312481,20,0.001,44,celegans_male,watts_strogatz
celegans_male_degree_preserved,MNIST,559,0.9793,0.005682403769021157,244.16,444974,312481,20,0.001,44,celegans_male,degree_preserved
drosophila_larva,MNIST,2952,0.9796,0.01025052881439986,317.05,2349802,8714304,20,0.001,42,drosophila_larva,biological
drosophila_larva_erdos_renyi,MNIST,2952,0.9756,0.04928192153955487,333.71,2349802,8714304,20,0.001,42,drosophila_larva,erdos_renyi
