name,task,n_neurons,accuracy,final_loss,train_time_sec,learnable_params,fixed_params,epochs,lr,seed,organism,type,mean_reward_last_50,max_reward,n_episodes
ciona,MNIST,177,0.9718,0.0111949190109926,162.78,140902,31329,20,0.001,42,ciona,biological,,,
ciona_erdos_renyi,MNIST,177,0.9772,0.0163310733126431,264.98,140902,31329,20,0.001,42,ciona,erdos_renyi,,,
ciona_barabasi_albert,MNIST,177,0.976,0.0143247643288764,338.9,140902,31329,20,0.001,42,ciona,barabasi_albert,,,
ciona_watts_strogatz,MNIST,177,0.9784,0.0142029515855785,274.96,140902,31329,20,0.001,42,ciona,watts_strogatz,,,
ciona_degree_preserved,MNIST,177,0.9775,0.0080016523709213,271.16,140902,31329,20,0.001,42,ciona,degree_preserved,,,
ciona,MNIST,177,0.9744,0.0133034723333896,262.67,140902,31329,20,0.001,43,ciona,biological,,,
ciona_erdos_renyi,MNIST,177,0.976,0.0183725187244897,254.06,140902,31329,20,0.001,43,ciona,erdos_renyi,,,
ciona_barabasi_albert,MNIST,177,0.9755,0.0130343654208482,219.19,140902,31329,20,0.001,43,ciona,barabasi_albert,,,
ciona_watts_strogatz,MNIST,177,0.9754,0.0105591690498297,210.78,140902,31329,20,0.001,43,ciona,watts_strogatz,,,
ciona_degree_preserved,MNIST,177,0.9768,0.0051518648717071,197.15,140902,31329,20,0.001,43,ciona,degree_preserved,,,
ciona,MNIST,177,0.9787,0.0077914383111074,205.69,140902,31329,20,0.001,44,ciona,biological,,,
ciona_erdos_renyi,MNIST,177,0.9757,0.01780422952724,221.07,140902,31329,20,0.001,44,ciona,erdos_renyi,,,
ciona_barabasi_albert,MNIST,177,0.9765,0.0121112131704443,232.06,140902,31329,20,0.001,44,ciona,barabasi_albert,,,
ciona_watts_strogatz,MNIST,177,0.9771,0.0116969987960559,286.76,140902,31329,20,0.001,44,ciona,watts_strogatz,,,
ciona_degree_preserved,MNIST,177,0.9776,0.0094224451127328,630.36,140902,31329,20,0.001,44,ciona,degree_preserved,,,
celegans_herm,MNIST,419,0.9802,0.0053654781848401,287.4,333534,175561,20,0.001,42,celegans_herm,biological,,,
celegans_herm_erdos_renyi,MNIST,419,0.979,0.0141002383531014,287.71,333534,175561,20,0.001,42,celegans_herm,erdos_renyi,,,
celegans_herm_barabasi_albert,MNIST,419,0.9791,0.0123777419871609,1033.71,333534,175561,20,0.001,42,celegans_herm,barabasi_albert,,,
celegans_herm_watts_strogatz,MNIST,419,0.9829,0.0111730161487974,304.95,333534,175561,20,0.001,42,celegans_herm,watts_strogatz,,,
celegans_herm_degree_preserved,MNIST,419,0.9812,0.0050367229500972,358.23,333534,175561,20,0.001,42,celegans_herm,degree_preserved,,,
celegans_herm,MNIST,419,0.9786,0.0043231501938839,456.35,333534,175561,20,0.001,43,celegans_herm,biological,,,
celegans_herm_erdos_renyi,MNIST,419,0.9796,0.0126815431877034,367.71,333534,175561,20,0.001,43,celegans_herm,erdos_renyi,,,
celegans_herm_barabasi_albert,MNIST,419,0.9778,0.0060963146691834,301.73,333534,175561,20,0.001,43,celegans_herm,barabasi_albert,,,
celegans_herm_watts_strogatz,MNIST,419,0.9764,0.0126648630449286,268.89,333534,175561,20,0.001,43,celegans_herm,watts_strogatz,,,
celegans_herm_degree_preserved,MNIST,419,0.9795,0.004277629274057,256.45,333534,175561,20,0.001,43,celegans_herm,degree_preserved,,,
celegans_herm,MNIST,419,0.9767,0.008384705373227,283.99,333534,175561,20,0.001,44,celegans_herm,biological,,,
celegans_herm_erdos_renyi,MNIST,419,0.9775,0.0099522930502601,277.6,333534,175561,20,0.001,44,celegans_herm,erdos_renyi,,,
celegans_herm_barabasi_albert,MNIST,419,0.9783,0.0059415244120378,268.32,333534,175561,20,0.001,44,celegans_herm,barabasi_albert,,,
celegans_herm_watts_strogatz,MNIST,419,0.9802,0.0080787289380595,285.88,333534,175561,20,0.001,44,celegans_herm,watts_strogatz,,,
celegans_herm_degree_preserved,MNIST,419,0.9757,0.0064313204341959,267.99,333534,175561,20,0.001,44,celegans_herm,degree_preserved,,,
celegans_male,MNIST,559,0.9793,0.0062582230873106,264.42,444974,312481,20,0.001,42,celegans_male,biological,,,
celegans_male_erdos_renyi,MNIST,559,0.9808,0.0092570401612503,269.76,444974,312481,20,0.001,42,celegans_male,erdos_renyi,,,
celegans_male_barabasi_albert,MNIST,559,0.9808,0.0070737644125786,278.99,444974,312481,20,0.001,42,celegans_male,barabasi_albert,,,
celegans_male_watts_strogatz,MNIST,559,0.9818,0.0029787347796866,268.49,444974,312481,20,0.001,42,celegans_male,watts_strogatz,,,
celegans_male_degree_preserved,MNIST,559,0.9786,0.0094423835036848,273.56,444974,312481,20,0.001,42,celegans_male,degree_preserved,,,
celegans_male,MNIST,559,0.9833,0.0054546774296188,273.32,444974,312481,20,0.001,43,celegans_male,biological,,,
celegans_male_erdos_renyi,MNIST,559,0.9753,0.0131104175031312,268.0,444974,312481,20,0.001,43,celegans_male,erdos_renyi,,,
celegans_male_barabasi_albert,MNIST,559,0.9771,0.0086419320310308,250.31,444974,312481,20,0.001,43,celegans_male,barabasi_albert,,,
celegans_male_watts_strogatz,MNIST,559,0.9825,0.0110006793741421,250.56,444974,312481,20,0.001,43,celegans_male,watts_strogatz,,,
celegans_male_degree_preserved,MNIST,559,0.981,0.0059993037716177,261.34,444974,312481,20,0.001,43,celegans_male,degree_preserved,,,
celegans_male,MNIST,559,0.9792,0.0032485688246959,251.78,444974,312481,20,0.001,44,celegans_male,biological,,,
celegans_male_erdos_renyi,MNIST,559,0.9793,0.010468398894379,262.98,444974,312481,20,0.001,44,celegans_male,erdos_renyi,,,
celegans_male_barabasi_albert,MNIST,559,0.9804,0.0057696522800164,265.27,444974,312481,20,0.001,44,celegans_male,barabasi_albert,,,
celegans_male_watts_strogatz,MNIST,559,0.9808,0.0109949222239666,258.89,444974,312481,20,0.001,44,celegans_male,watts_strogatz,,,
celegans_male_degree_preserved,MNIST,559,0.9793,0.0056824037690211,254.38,444974,312481,20,0.001,44,celegans_male,degree_preserved,,,
drosophila_larva,MNIST,2952,0.9796,0.0102505288143998,328.29,2349802,8714304,20,0.001,42,drosophila_larva,biological,,,
drosophila_larva_erdos_renyi,MNIST,2952,0.9756,0.0492819215395548,324.06,2349802,8714304,20,0.001,42,drosophila_larva,erdos_renyi,,,
drosophila_larva_barabasi_albert,MNIST,2952,0.9814,0.023662136788342,366.47,2349802,8714304,20,0.001,42,drosophila_larva,barabasi_albert,,,
drosophila_larva_watts_strogatz,MNIST,2952,0.9782,0.035273646578933,334.12,2349802,8714304,20,0.001,42,drosophila_larva,watts_strogatz,,,
drosophila_larva_degree_preserved,MNIST,2952,0.9832,0.0099596040798172,329.15,2349802,8714304,20,0.001,42,drosophila_larva,degree_preserved,,,
drosophila_larva,MNIST,2952,0.9831,0.0097896509542567,302.71,2349802,8714304,20,0.001,43,drosophila_larva,biological,,,
drosophila_larva_erdos_renyi,MNIST,2952,0.9779,0.0440355412101739,263.66,2349802,8714304,20,0.001,43,drosophila_larva,erdos_renyi,,,
drosophila_larva_barabasi_albert,MNIST,2952,0.9779,0.0272483515478268,278.97,2349802,8714304,20,0.001,43,drosophila_larva,barabasi_albert,,,
drosophila_larva_watts_strogatz,MNIST,2952,0.9764,0.0287354000919901,1420.67,2349802,8714304,20,0.001,43,drosophila_larva,watts_strogatz,,,
drosophila_larva_degree_preserved,MNIST,2952,0.9829,0.007556139262054,305.78,2349802,8714304,20,0.001,43,drosophila_larva,degree_preserved,,,
drosophila_larva,MNIST,2952,0.9784,0.0080437214577003,286.58,2349802,8714304,20,0.001,44,drosophila_larva,biological,,,
drosophila_larva_erdos_renyi,MNIST,2952,0.979,0.0347004684609883,382.05,2349802,8714304,20,0.001,44,drosophila_larva,erdos_renyi,,,
drosophila_larva_barabasi_albert,MNIST,2952,0.9764,0.0278682379384964,719.96,2349802,8714304,20,0.001,44,drosophila_larva,barabasi_albert,,,
drosophila_larva_watts_strogatz,MNIST,2952,0.9766,0.0300135262365825,4404.46,2349802,8714304,20,0.001,44,drosophila_larva,watts_strogatz,,,
drosophila_larva_degree_preserved,MNIST,2952,0.9831,0.0120106776065414,234.78,2349802,8714304,20,0.001,44,drosophila_larva,degree_preserved,,,
adult_antennal_lobe,MNIST,3739,0.9791,0.0090439414965224,181.53,2976254,13980121,20,0.001,42,adult_antennal_lobe,biological,,,
adult_antennal_lobe_erdos_renyi,MNIST,3739,0.9727,0.0692530455591498,166.72,2976254,13980121,20,0.001,42,adult_antennal_lobe,erdos_renyi,,,
adult_antennal_lobe_barabasi_albert,MNIST,3739,0.9764,0.0343704645429244,193.61,2976254,13980121,20,0.001,42,adult_antennal_lobe,barabasi_albert,,,
adult_antennal_lobe_watts_strogatz,MNIST,3739,0.9747,0.0502851371918574,293.42,2976254,13980121,20,0.001,42,adult_antennal_lobe,watts_strogatz,,,
adult_antennal_lobe_degree_preserved,MNIST,3739,0.9825,0.0076625996407189,224.7,2976254,13980121,20,0.001,42,adult_antennal_lobe,degree_preserved,,,
adult_antennal_lobe,MNIST,3739,0.9812,0.006998814177179,242.93,2976254,13980121,20,0.001,43,adult_antennal_lobe,biological,,,
adult_antennal_lobe_erdos_renyi,MNIST,3739,0.9763,0.0663152027354496,258.47,2976254,13980121,20,0.001,43,adult_antennal_lobe,erdos_renyi,,,
adult_antennal_lobe_barabasi_albert,MNIST,3739,0.9797,0.0376543557765305,295.76,2976254,13980121,20,0.001,43,adult_antennal_lobe,barabasi_albert,,,
adult_antennal_lobe_watts_strogatz,MNIST,3739,0.9766,0.0461905247016312,732.91,2976254,13980121,20,0.001,43,adult_antennal_lobe,watts_strogatz,,,
adult_antennal_lobe_degree_preserved,MNIST,3739,0.9823,0.0063762249393599,292.03,2976254,13980121,20,0.001,43,adult_antennal_lobe,degree_preserved,,,
adult_antennal_lobe,MNIST,3739,0.9841,0.0064789794071806,320.44,2976254,13980121,20,0.001,44,adult_antennal_lobe,biological,,,
adult_antennal_lobe_erdos_renyi,MNIST,3739,0.9745,0.0678792527806194,614.64,2976254,13980121,20,0.001,44,adult_antennal_lobe,erdos_renyi,,,
adult_antennal_lobe_barabasi_albert,MNIST,3739,0.9781,0.0355463556427791,257.36,2976254,13980121,20,0.001,44,adult_antennal_lobe,barabasi_albert,,,
adult_antennal_lobe_watts_strogatz,MNIST,3739,0.9772,0.0522704483167563,349.51,2976254,13980121,20,0.001,44,adult_antennal_lobe,watts_strogatz,,,
adult_antennal_lobe_degree_preserved,MNIST,3739,0.9816,0.0081981792115876,1483.01,2976254,13980121,20,0.001,44,adult_antennal_lobe,degree_preserved,,,
adult_central_complex,MNIST,4000,0.9808,0.0108590694035926,297.31,3184010,16000000,20,0.001,42,adult_central_complex,biological,,,
adult_central_complex_erdos_renyi,MNIST,4000,0.9662,0.0897276072651552,305.7,3184010,16000000,20,0.001,42,adult_central_complex,erdos_renyi,,,
adult_central_complex_barabasi_albert,MNIST,4000,0.9736,0.0473173678397728,323.88,3184010,16000000,20,0.001,42,adult_central_complex,barabasi_albert,,,
adult_central_complex_watts_strogatz,MNIST,4000,0.9695,0.0671960338045947,324.59,3184010,16000000,20,0.001,42,adult_central_complex,watts_strogatz,,,
adult_central_complex_degree_preserved,MNIST,4000,0.9816,0.0121196832003044,1633.03,3184010,16000000,20,0.001,42,adult_central_complex,degree_preserved,,,
ciona,FashionMNIST,177,0.8893,0.1599619269434577,149.77,140902,31329,20,0.001,42,ciona,biological,,,
ciona_erdos_renyi,FashionMNIST,177,0.8792,0.1787263316704012,147.69,140902,31329,20,0.001,42,ciona,erdos_renyi,,,
ciona_barabasi_albert,FashionMNIST,177,0.8852,0.1651820300865783,145.92,140902,31329,20,0.001,42,ciona,barabasi_albert,,,
ciona_watts_strogatz,FashionMNIST,177,0.8824,0.1656885411598281,132.29,140902,31329,20,0.001,42,ciona,watts_strogatz,,,
ciona_degree_preserved,FashionMNIST,177,0.889,0.1570775271145138,145.52,140902,31329,20,0.001,42,ciona,degree_preserved,,,
ciona,FashionMNIST,177,0.885,0.1610309212430835,150.02,140902,31329,20,0.001,43,ciona,biological,,,
ciona_erdos_renyi,FashionMNIST,177,0.8817,0.1881108769158056,147.72,140902,31329,20,0.001,43,ciona,erdos_renyi,,,
ciona_barabasi_albert,FashionMNIST,177,0.8815,0.1644330083021223,147.83,140902,31329,20,0.001,43,ciona,barabasi_albert,,,
ciona_watts_strogatz,FashionMNIST,177,0.8859,0.1658336209780626,148.31,140902,31329,20,0.001,43,ciona,watts_strogatz,,,
ciona_degree_preserved,FashionMNIST,177,0.8831,0.1601721236128797,148.3,140902,31329,20,0.001,43,ciona,degree_preserved,,,
ciona,FashionMNIST,177,0.8818,0.1601234390529424,151.26,140902,31329,20,0.001,44,ciona,biological,,,
ciona_erdos_renyi,FashionMNIST,177,0.8815,0.1776859096483762,149.34,140902,31329,20,0.001,44,ciona,erdos_renyi,,,
ciona_barabasi_albert,FashionMNIST,177,0.8831,0.1619150209417348,149.64,140902,31329,20,0.001,44,ciona,barabasi_albert,,,
ciona_watts_strogatz,FashionMNIST,177,0.8777,0.167097231154757,151.05,140902,31329,20,0.001,44,ciona,watts_strogatz,,,
ciona_degree_preserved,FashionMNIST,177,0.883,0.1549483512573913,148.85,140902,31329,20,0.001,44,ciona,degree_preserved,,,
ciona,CIFAR10,177,0.4852,0.6663872138466067,243.92,545878,31329,30,0.001,42,ciona,biological,,,
ciona_erdos_renyi,CIFAR10,177,0.4935,0.803994892350853,215.17,545878,31329,30,0.001,42,ciona,erdos_renyi,,,
ciona_barabasi_albert,CIFAR10,177,0.4677,0.7108604055841256,222.9,545878,31329,30,0.001,42,ciona,barabasi_albert,,,
ciona_watts_strogatz,CIFAR10,177,0.4887,0.7218831465067461,211.9,545878,31329,30,0.001,42,ciona,watts_strogatz,,,
ciona_degree_preserved,CIFAR10,177,0.4994,0.6548114116386989,210.44,545878,31329,30,0.001,42,ciona,degree_preserved,,,
ciona,CIFAR10,177,0.5045,0.6516090583465898,218.03,545878,31329,30,0.001,43,ciona,biological,,,
ciona_erdos_renyi,CIFAR10,177,0.4963,0.8116494489600287,260.15,545878,31329,30,0.001,43,ciona,erdos_renyi,,,
ciona_barabasi_albert,CIFAR10,177,0.4978,0.7046746407323481,553.06,545878,31329,30,0.001,43,ciona,barabasi_albert,,,
ciona_watts_strogatz,CIFAR10,177,0.4915,0.70225941525091,429.94,545878,31329,30,0.001,43,ciona,watts_strogatz,,,
ciona_degree_preserved,CIFAR10,177,0.5128,0.6313295340751444,389.86,545878,31329,30,0.001,43,ciona,degree_preserved,,,
ciona,CIFAR10,177,0.4963,0.6577486065799928,351.82,545878,31329,30,0.001,44,ciona,biological,,,
ciona_erdos_renyi,CIFAR10,177,0.4914,0.7979010662154469,171.2,545878,31329,30,0.001,44,ciona,erdos_renyi,,,
ciona_barabasi_albert,CIFAR10,177,0.5027,0.7056787931705679,198.95,545878,31329,30,0.001,44,ciona,barabasi_albert,,,
ciona_watts_strogatz,CIFAR10,177,0.4865,0.702855513757452,216.01,545878,31329,30,0.001,44,ciona,watts_strogatz,,,
ciona_degree_preserved,CIFAR10,177,0.5153,0.6449423059630577,212.48,545878,31329,30,0.001,44,ciona,degree_preserved,,,
ciona,SequentialMNIST,177,0.098,,1286.9,2311,31329,10,0.001,42,ciona,biological,,,
ciona_erdos_renyi,SequentialMNIST,177,0.098,,1374.53,2311,31329,10,0.001,42,ciona,erdos_renyi,,,
ciona_barabasi_albert,SequentialMNIST,177,0.098,,1170.36,2311,31329,10,0.001,42,ciona,barabasi_albert,,,
ciona_watts_strogatz,SequentialMNIST,177,0.098,,1611.31,2311,31329,10,0.001,42,ciona,watts_strogatz,,,
ciona_degree_preserved,SequentialMNIST,177,0.098,,1361.94,2311,31329,10,0.001,42,ciona,degree_preserved,,,
ciona,SequentialMNIST,177,0.098,,1377.44,2311,31329,10,0.001,43,ciona,biological,,,
ciona_erdos_renyi,SequentialMNIST,177,0.098,,1312.39,2311,31329,10,0.001,43,ciona,erdos_renyi,,,
ciona_barabasi_albert,SequentialMNIST,177,0.098,,1377.11,2311,31329,10,0.001,43,ciona,barabasi_albert,,,
ciona_watts_strogatz,SequentialMNIST,177,0.098,,1569.72,2311,31329,10,0.001,43,ciona,watts_strogatz,,,
ciona_degree_preserved,SequentialMNIST,177,0.098,,1565.97,2311,31329,10,0.001,43,ciona,degree_preserved,,,
ciona,SequentialMNIST,177,0.098,,1585.07,2311,31329,10,0.001,44,ciona,biological,,,
ciona_erdos_renyi,SequentialMNIST,177,0.098,,1592.65,2311,31329,10,0.001,44,ciona,erdos_renyi,,,
ciona_barabasi_albert,SequentialMNIST,177,0.098,,1577.93,2311,31329,10,0.001,44,ciona,barabasi_albert,,,
ciona_watts_strogatz,SequentialMNIST,177,0.098,,1566.19,2311,31329,10,0.001,44,ciona,watts_strogatz,,,
ciona_degree_preserved,SequentialMNIST,177,0.098,,1573.63,2311,31329,10,0.001,44,ciona,degree_preserved,,,
ciona,Audio_Simulated,177,1.0,0.00015485712605628317,4.97,77384,31329,15,0.001,42,ciona,biological,,,
ciona_erdos_renyi,Audio_Simulated,177,1.0,8.096282836049795e-05,8.09,77384,31329,15,0.001,42,ciona,erdos_renyi,,,
ciona_barabasi_albert,Audio_Simulated,177,1.0,8.466318790202162e-05,6.83,77384,31329,15,0.001,42,ciona,barabasi_albert,,,
ciona_watts_strogatz,Audio_Simulated,177,1.0,7.717527675725121e-05,6.03,77384,31329,15,0.001,42,ciona,watts_strogatz,,,
ciona_degree_preserved,Audio_Simulated,177,1.0,0.00014620414128460523,5.17,77384,31329,15,0.001,42,ciona,degree_preserved,,,
ciona,Audio_Simulated,177,1.0,0.0001541507286934315,5.49,77384,31329,15,0.001,43,ciona,biological,,,
ciona_erdos_renyi,Audio_Simulated,177,1.0,8.085920562734827e-05,5.08,77384,31329,15,0.001,43,ciona,erdos_renyi,,,
ciona_barabasi_albert,Audio_Simulated,177,1.0,8.750875224775103e-05,5.22,77384,31329,15,0.001,43,ciona,barabasi_albert,,,
ciona_watts_strogatz,Audio_Simulated,177,1.0,7.910511163312808e-05,5.01,77384,31329,15,0.001,43,ciona,watts_strogatz,,,
ciona_degree_preserved,Audio_Simulated,177,1.0,0.00014063545677345246,5.26,77384,31329,15,0.001,43,ciona,degree_preserved,,,
ciona,Audio_Simulated,177,1.0,0.00015711456632873575,5.2,77384,31329,15,0.001,44,ciona,biological,,,
ciona_erdos_renyi,Audio_Simulated,177,1.0,8.644403195441035e-05,5.09,77384,31329,15,0.001,44,ciona,erdos_renyi,,,
ciona_barabasi_albert,Audio_Simulated,177,1.0,9.314892428977015e-05,5.12,77384,31329,15,0.001,44,ciona,barabasi_albert,,,
ciona_watts_strogatz,Audio_Simulated,177,1.0,8.228691637798744e-05,4.97,77384,31329,15,0.001,44,ciona,watts_strogatz,,,
ciona_degree_preserved,Audio_Simulated,177,1.0,0.00014630057225336455,5.22,77384,31329,15,0.001,44,ciona,degree_preserved,,,
ciona,CartPole,177,0.089,-0.5780099630355835,11.71,1418,31329,300,0.001,42,ciona,biological,44.5,139.0,300.0
ciona_erdos_renyi,CartPole,177,0.019,0.00041271306690759957,3.99,1418,31329,300,0.001,42,ciona,erdos_renyi,9.5,12.0,300.0
ciona_barabasi_albert,CartPole,177,0.019,0.007866023108363152,4.24,1418,31329,300,0.001,42,ciona,barabasi_albert,9.5,67.0,300.0
ciona_watts_strogatz,CartPole,177,0.1076,-1.2468233108520508,19.33,1418,31329,300,0.001,42,ciona,watts_strogatz,53.82,201.0,300.0
ciona_degree_preserved,CartPole,177,0.0747,2.213453531265259,8.77,1418,31329,300,0.001,42,ciona,degree_preserved,37.36,123.0,300.0
ciona,CartPole,177,0.0569,0.21988967061042786,5.57,1418,31329,300,0.001,43,ciona,biological,28.46,71.0,300.0
ciona_erdos_renyi,CartPole,177,0.0183,1.8484155589248985e-05,3.9,1418,31329,300,0.001,43,ciona,erdos_renyi,9.16,11.0,300.0
ciona_barabasi_albert,CartPole,177,0.0183,0.00013972201850265265,3.93,1418,31329,300,0.001,43,ciona,barabasi_albert,9.16,11.0,300.0
ciona_watts_strogatz,CartPole,177,0.0192,0.03213518112897873,4.25,1418,31329,300,0.001,43,ciona,watts_strogatz,9.6,24.0,300.0
ciona_degree_preserved,CartPole,177,0.0204,0.18275225162506104,5.25,1418,31329,300,0.001,43,ciona,degree_preserved,10.22,74.0,300.0
ciona,CartPole,177,0.1164,2.0754554271698,15.04,1418,31329,300,0.001,44,ciona,biological,58.18,171.0,300.0
ciona_erdos_renyi,CartPole,177,0.0191,0.003350920043885708,3.91,1418,31329,300,0.001,44,ciona,erdos_renyi,9.56,25.0,300.0
ciona_barabasi_albert,CartPole,177,0.0202,0.340374618768692,6.48,1418,31329,300,0.001,44,ciona,barabasi_albert,10.1,54.0,300.0
ciona_watts_strogatz,CartPole,177,0.0638,-0.7200912237167358,14.55,1418,31329,300,0.001,44,ciona,watts_strogatz,31.88,95.0,300.0
ciona_degree_preserved,CartPole,177,0.1196,0.9634969234466553,22.32,1418,31329,300,0.001,44,ciona,degree_preserved,59.82,167.0,300.0
celegans_herm,FashionMNIST,419,0.8912,0.15107494341666255,138.74,333534,175561,20,0.001,42,celegans_herm,biological,,,
celegans_herm_erdos_renyi,FashionMNIST,419,0.8891,0.14853496740717115,128.34,333534,175561,20,0.001,42,celegans_herm,erdos_renyi,,,
celegans_herm_barabasi_albert,FashionMNIST,419,0.8917,0.13820219788152271,141.57,333534,175561,20,0.001,42,celegans_herm,barabasi_albert,,,
celegans_herm_watts_strogatz,FashionMNIST,419,0.8915,0.13742969043727624,156.89,333534,175561,20,0.001,42,celegans_herm,watts_strogatz,,,
celegans_herm_degree_preserved,FashionMNIST,419,0.8908,0.1562352301850756,153.13,333534,175561,20,0.001,42,celegans_herm,degree_preserved,,,
celegans_herm,FashionMNIST,419,0.8887,0.15729084593464315,140.61,333534,175561,20,0.001,43,celegans_herm,biological,,,
celegans_herm_erdos_renyi,FashionMNIST,419,0.8848,0.15246119088074292,132.74,333534,175561,20,0.001,43,celegans_herm,erdos_renyi,,,
celegans_herm_barabasi_albert,FashionMNIST,419,0.8885,0.13813552329503398,156.78,333534,175561,20,0.001,43,celegans_herm,barabasi_albert,,,
celegans_herm_watts_strogatz,FashionMNIST,419,0.8927,0.1436372187568435,151.3,333534,175561,20,0.001,43,celegans_herm,watts_strogatz,,,
celegans_herm_degree_preserved,FashionMNIST,419,0.8878,0.1603893983100396,156.9,333534,175561,20,0.001,43,celegans_herm,degree_preserved,,,
celegans_herm,FashionMNIST,419,0.8863,0.15288841558386013,143.02,333534,175561,20,0.001,44,celegans_herm,biological,,,
celegans_herm_erdos_renyi,FashionMNIST,419,0.8851,0.15126195437967904,153.53,333534,175561,20,0.001,44,celegans_herm,erdos_renyi,,,
celegans_herm_barabasi_albert,FashionMNIST,419,0.886,0.13913031053473193,166.14,333534,175561,20,0.001,44,celegans_herm,barabasi_albert,,,
celegans_herm_watts_strogatz,FashionMNIST,419,0.8825,0.13636300434419976,144.61,333534,175561,20,0.001,44,celegans_herm,watts_strogatz,,,
celegans_herm_degree_preserved,FashionMNIST,419,0.8847,0.1558063059235051,130.64,333534,175561,20,0.001,44,celegans_herm,degree_preserved,,,
celegans_herm,CIFAR10,419,0.5138,0.4505160947894806,281.69,1292206,175561,30,0.001,42,celegans_herm,biological,,,
celegans_herm_erdos_renyi,CIFAR10,419,0.5095,0.6101656742108142,215.37,1292206,175561,30,0.001,42,celegans_herm,erdos_renyi,,,
celegans_herm_barabasi_albert,CIFAR10,419,0.5086,0.48437289752618734,213.77,1292206,175561,30,0.001,42,celegans_herm,barabasi_albert,,,
celegans_herm_watts_strogatz,CIFAR10,419,0.5181,0.5081768663185636,204.66,1292206,175561,30,0.001,42,celegans_herm,watts_strogatz,,,
celegans_herm_degree_preserved,CIFAR10,419,0.5094,0.450221362702377,244.69,1292206,175561,30,0.001,42,celegans_herm,degree_preserved,,,
celegans_herm,CIFAR10,419,0.5071,0.45907849820373614,275.71,1292206,175561,30,0.001,43,celegans_herm,biological,,,
celegans_herm_erdos_renyi,CIFAR10,419,0.5096,0.5784713788258146,254.82,1292206,175561,30,0.001,43,celegans_herm,erdos_renyi,,,
celegans_herm_barabasi_albert,CIFAR10,419,0.5118,0.49324377730984215,305.34,1292206,175561,30,0.001,43,celegans_herm,barabasi_albert,,,
celegans_herm_watts_strogatz,CIFAR10,419,0.5138,0.5104296163982137,347.19,1292206,175561,30,0.001,43,celegans_herm,watts_strogatz,,,
celegans_herm_degree_preserved,CIFAR10,419,0.5201,0.45937686282045703,352.86,1292206,175561,30,0.001,43,celegans_herm,degree_preserved,,,
celegans_herm,CIFAR10,419,0.5143,0.44334873503736216,280.12,1292206,175561,30,0.001,44,celegans_herm,biological,,,
celegans_herm_erdos_renyi,CIFAR10,419,0.5146,0.5707624169719189,225.68,1292206,175561,30,0.001,44,celegans_herm,erdos_renyi,,,
celegans_herm_barabasi_albert,CIFAR10,419,0.5104,0.46474028517827964,239.03,1292206,175561,30,0.001,44,celegans_herm,barabasi_albert,,,
celegans_herm_watts_strogatz,CIFAR10,419,0.5147,0.5264713925778713,227.67,1292206,175561,30,0.001,44,celegans_herm,watts_strogatz,,,
celegans_herm_degree_preserved,CIFAR10,419,0.5212,0.4538945396385534,1417.95,1292206,175561,30,0.001,44,celegans_herm,degree_preserved,,,
