organism,control,bio_mean,ctrl_mean,bio_std,ctrl_std,delta,cohens_d,hedges_g,effect,bio_wins,welch_p
celegans_herm,barabasi_albert,0.9785,0.9784,0.001752141546793498,0.0006557438524301871,9.999999999998899e-05,0.07559289460183825,0.07559289460183825,negligible,True,0.9330171392580924
celegans_herm,degree_preserved,0.9785,0.9788,0.001752141546793498,0.002816025568065726,-0.00029999999999996696,-0.1279204298133533,-0.1279204298133533,negligible,False,0.8844880422273121
celegans_herm,erdos_renyi,0.9785,0.9787,0.001752141546793498,0.0010816653826391854,-0.00019999999999997797,-0.1373605639486757,-0.1373605639486757,negligible,False,0.876106010993653
celegans_herm,watts_strogatz,0.9785,0.9798333333333332,0.001752141546793498,0.003265475973473568,-0.0013333333333331865,-0.5088218513147335,-0.5088218513147335,medium,False,0.5764880605617015
celegans_male,barabasi_albert,0.9805999999999999,0.9794333333333333,0.0023388031127052986,0.002030599254735769,0.0011666666666666492,0.5326930370017325,0.5326930370017325,medium,True,0.5503882912893331
celegans_male,degree_preserved,0.9805999999999999,0.9796333333333332,0.0023388031127052986,0.0012342339054382282,0.0009666666666666712,0.516951293619218,0.516951293619218,medium,True,0.571154249167741
celegans_male,erdos_renyi,0.9805999999999999,0.9784666666666667,0.0023388031127052986,0.0028431203515386885,0.0021333333333332094,0.8195032067176684,0.8195032067176684,large,True,0.3742805279915183
celegans_male,watts_strogatz,0.9805999999999999,0.9817,0.0023388031127052986,0.0008544003745317695,-0.001100000000000101,-0.6247580176718275,-0.6247580176718275,medium,False,0.5092799084366204
ciona,barabasi_albert,0.9749666666666666,0.976,0.0034847285881878048,0.0005000000000000004,-0.0010333333333333306,-0.4151082565097392,-0.4151082565097392,small,False,0.6599351972301253
ciona,degree_preserved,0.9749666666666666,0.9773,0.0034847285881878048,0.00043588989435408305,-0.0023333333333332984,-0.9396184772996181,-0.9396184772996181,large,False,0.36574744297217626
ciona,erdos_renyi,0.9749666666666666,0.9762999999999998,0.0034847285881878048,0.0007937253933193527,-0.0013333333333331865,-0.5275961425476069,-0.5275961425476069,medium,False,0.5789150470934443
ciona,watts_strogatz,0.9749666666666666,0.9769666666666668,0.0034847285881878048,0.0015044378795195656,-0.002000000000000113,-0.745183516275864,-0.745183516275864,medium,False,0.43492829322554216
drosophila_larva,barabasi_albert,0.9803666666666667,0.9785666666666667,0.0024419937209856106,0.002565800719723452,0.0018000000000000238,0.7186597515303973,0.7186597515303973,medium,True,0.4285829362813317
drosophila_larva,degree_preserved,0.9803666666666667,0.98305,0.0024419937209856106,0.00021213203435594088,-0.00268333333333326,-1.343253389078137,-1.343253389078137,large,False,0.19614374051144698
drosophila_larva,erdos_renyi,0.9803666666666667,0.9775,0.0024419937209856106,0.0017349351572897257,0.002866666666666684,1.3533661004629145,1.3533661004629145,large,True,0.18042048813620182
drosophila_larva,watts_strogatz,0.9803666666666667,0.9770666666666666,0.0024419937209856106,0.0009865765724632045,0.0033000000000000806,1.7719584128899104,1.7719584128899104,large,True,0.13076899600222763
