name,n_neurons,n_edges,mean_in_degree,std_in_degree,max_in_degree,mean_out_degree,std_out_degree,max_out_degree,mean_total_degree,degree_skewness,degree_kurtosis,clustering_coeff,transitivity,char_path_length,largest_cc_fraction,small_world_sigma,modularity,n_communities,reciprocity,mean_betweenness,max_betweenness,std_betweenness,spectral_gap,spectral_radius,rich_club_k25,rich_club_k50,rich_club_k75,density,degree_assortativity,global_efficiency
ciona,177,6618,37.389830508474574,25.06084141220436,85,37.389830508474574,16.83118267207519,69,74.77966101694915,0.4616048728388606,-1.1143659318800356,0.4806553360819393,0.2851599821287418,1.6128659476117104,1.0,2.471273576020298,0.1291611396722482,9,0.1776971894832275,0.0053760363929855,0.0302528612812367,0.0058746425448659,3.504212103928272,5.914790417596296,0.3871340523882897,0.5775343642611683,0.558055152394775,0.212442218798151,-0.0996455574007412,0.6935670261941448
celegans_herm,419,4647,11.090692124105011,8.220492714893565,63,11.090692124105011,9.746005080754408,45,22.181384248210023,1.53385982699971,3.586814886079342,0.314977860060219,0.1652324374206944,2.5484793778641857,0.9069212410501192,12.830436128679404,0.5350417397651762,9,0.28921885087153,0.0028192266161719,0.0602483236263777,0.0054427077347892,0.2270019621229603,0.9127737760978164,0.1650182902045793,0.4684210526315789,1.0,0.0265327562777631,0.0776863255298003,0.3602117139239586
celegans_male,559,5246,9.384615384615383,7.567502747904928,49,9.384615384615383,9.774405965168825,49,18.76923076923077,1.429244289329578,2.356656085919305,0.3040184865868086,0.1797067520946279,3.422496649803477,1.0,16.274584406408763,0.5776566433976348,10,0.2844071673656119,0.0026838063380412,0.0475324019961524,0.0052697342533047,0.2581242166048973,1.0249940258556822,0.1147734326505276,0.3089430894308943,0.4666666666666667,0.0168183071408877,0.1904042723685227,0.3447693806840831
drosophila_larva,2952,110140,37.31029810298103,29.478333454786217,209,37.31029810298103,27.778241122449312,159,74.62059620596206,1.0022358946954208,1.0751719514423854,0.2614927362578066,0.2008589995013597,2.7465592022914467,1.0,20.06578769572385,0.532829782574489,11,0.2569457054657708,0.0007350831965665,0.02219648145598,0.0012696150814104,0.079602159921559,2.512885375257271,0.0556133774472057,0.1534800023219364,0.2062904717853839,0.0126432728237821,0.2500942400949053,0.3974388073648127
adult_antennal_lobe,3739,140612,37.60684675046804,103.47536224788176,1687,37.60684675046804,107.64899682010144,2140,75.21369350093607,9.793254364249957,126.24045115190663,0.56959376988478,0.10121829258330507,2.763065339601088,0.9893019523936881,55.14984967254686,0.3469135747205725,30,0.4170483315790971,0.0003522031732137032,0.07556578928451145,0.0029730370844086047,1.618706640753472,3.5472133538869723,0.951734539969834,1.0,1.0,0.01006068666411665,-0.309316889600667,0.41290443444710806
adult_central_complex,4000,299789,74.94725,75.0820016211442,562,74.94725,84.39313341402546,740,149.8945,1.6653428497747216,4.71030088171654,0.33152938141545324,0.21409087592693313,3.254481149721141,0.998,12.063593448072488,0.5542162919887971,16,0.39695919463355894,0.0005790817858291488,0.05161196226276087,0.0020401248582095893,0.49315834103856915,3.039712945707312,0.2117176968375699,0.4284153005464481,0.7132352941176471,0.01874149787446862,0.03351661543276284,0.37464650255388793
adult_lateral_horn,4000,215808,53.952,64.64304831921217,808,53.952,81.45132102059488,886,107.904,2.882604353917337,14.834447907352523,0.24576115265079085,0.11777168686225027,2.5292716883664936,0.99775,17.837241554443754,0.39530580202587273,10,0.18928862692763937,0.0004034445173324346,0.032066369069998275,0.0014175988589696928,0.7233961217709566,2.0875163181458283,0.4092148663740488,0.7906403940886699,0.9047619047619048,0.013491372843210803,0.013932156950622153,0.4219591876770094
adult_mushroom_body,4000,250876,62.719,115.65291193480603,2980,62.719,77.99777906453491,2985,125.438,16.52950251362561,424.7335168137052,0.29425907957378106,0.12732116761007403,2.339994328246894,0.99975,18.892323028648867,0.4398766675051087,7,0.2924711809818396,0.0003790205305203238,0.35137627346175754,0.006168403828654542,0.8356169849630883,2.551395127140608,0.3387096774193548,0.8,1.0,0.01568367091772943,-0.08215571358014198,0.45620358211898443
adult_optic_lobe_medulla,4000,262027,65.50675,68.68619915556181,980,65.50675,71.59624609179939,1007,131.0135,4.474239485192842,32.36952349806406,0.34506202761523225,0.1399412403158801,2.2547745686421607,1.0,21.637829949292204,0.5582843163139902,10,0.49055250031485303,0.00038150548767757224,0.05293361451721693,0.0019891375823951657,0.11129453860783511,0.7232042625038807,0.3405902816743351,0.5128205128205128,0.5714285714285714,0.016380782695673918,-0.13449147065997008,0.4657944902613301
adult_subesophageal_zone,4000,346591,86.64775,86.32161762813242,666,86.64775,63.68686418671829,663,173.2955,1.706202452851098,4.015007991055432,0.287799567521936,0.18590679531068616,2.281783570892723,1.0,12.399274339829214,0.5249571630128943,7,0.23736334757682687,0.00040260718631383695,0.017771604016502747,0.000906871269385492,0.5494945995185458,2.060805603209253,0.19049518112329678,0.42011956297670583,0.47619047619047616,0.021667354338584646,0.07322464377547674,0.466410846432244
